order_id,order_ts,store_id,product_id,customer_id,quantity,unit_price
20000,2025-07-01 16:35:00,2,1010,5002,4,49.55
20001,2025-07-01 11:59:00,1,1008,5008,2,208.95
20002,2025-07-01 19:40:00,1,1002,5013,3,19.23
20003,2025-07-01 22:47:00,1,1001,5007,1,43.22
20004,2025-07-01 19:22:00,3,1001,5008,4,43.22
20005,2025-07-01 06:58:00,3,1003,5008,1,217.21
20006,2025-07-01 03:50:00,2,1001,5005,3,43.22
20007,2025-07-01 12:59:00,1,1010,5007,1,49.55
20008,2025-07-01 06:46:00,3,1002,5016,1,19.23
20009,2025-07-01 16:00:00,2,1008,5003,1,208.95
20010,2025-07-01 10:42:00,2,1003,5015,1,217.21
20011,2025-07-01 13:14:00,3,1001,5014,1,43.22
20012,2025-07-01 14:51:00,2,1009,5015,3,57.02
20013,2025-07-01 09:23:00,1,1003,5007,3,217.21
20014,2025-07-01 03:50:00,3,1004,5005,2,152.27
20015,2025-07-01 21:06:00,3,1004,5007,1,152.27
20016,2025-07-01 09:16:00,2,1006,5002,4,10.04
20017,2025-07-01 22:34:00,2,1009,5006,1,57.02
20018,2025-07-01 20:48:00,2,1010,5007,3,49.55
20019,2025-07-01 21:22:00,1,1001,5020,1,43.22
20020,2025-07-01 10:48:00,3,1007,5008,2,242.63
20021,2025-07-01 11:23:00,2,1005,5019,1,178.48
20022,2025-07-01 07:21:00,1,1008,5009,3,208.95
20023,2025-07-01 23:30:00,2,1004,5007,4,152.27
20024,2025-07-01 11:38:00,1,1001,5017,1,43.22
20025,2025-07-01 14:14:00,2,1001,5002,2,43.22
20026,2025-07-01 23:46:00,1,1005,5001,4,178.48
20027,2025-07-01 23:59:00,2,1002,5012,1,19.23
20028,2025-07-01 06:40:00,3,1007,5011,4,242.63
20029,2025-07-01 03:17:00,2,1006,5005,4,10.04
20030,2025-07-01 20:24:00,1,1006,5016,3,10.04
20031,2025-07-01 06:42:00,3,1006,5003,4,10.04
20032,2025-07-01 08:08:00,3,1010,5019,3,49.55
20033,2025-07-01 14:31:00,2,1001,5007,4,43.22
20034,2025-07-01 23:58:00,3,1001,5018,3,43.22
20035,2025-07-01 10:23:00,2,1010,5007,3,49.55
20036,2025-07-01 14:56:00,2,1009,5017,4,57.02
20037,2025-07-01 18:42:00,1,1005,5009,1,178.48
20038,2025-07-01 06:43:00,3,1003,5016,4,217.21
20039,2025-07-01 01:43:00,3,1008,5001,2,208.95
20040,2025-07-01 01:38:00,2,1004,5003,2,152.27
20041,2025-07-01 05:37:00,2,1009,5018,1,57.02
20042,2025-07-01 02:40:00,1,1002,5003,2,19.23
20043,2025-07-01 13:35:00,1,1004,5014,1,152.27
20044,2025-07-01 20:18:00,3,1004,5008,4,152.27
20045,2025-07-01 07:49:00,3,1001,5001,4,43.22
20046,2025-07-01 00:37:00,2,1007,5014,2,242.63
20047,2025-07-01 21:46:00,2,1006,5019,1,10.04
20048,2025-07-01 15:59:00,3,1002,5001,1,19.23
20049,2025-07-01 09:06:00,3,1001,5016,1,43.22
20050,2025-07-01 07:56:00,2,1001,5017,4,43.22
20051,2025-07-01 17:40:00,1,1005,5003,2,178.48
20052,2025-07-01 03:00:00,2,1008,5017,1,208.95
20053,2025-07-01 04:12:00,3,1003,5001,4,217.21
20054,2025-07-01 02:07:00,3,1005,5001,4,178.48
20055,2025-07-01 09:25:00,3,1002,5010,1,19.23
20056,2025-07-01 10:25:00,2,1010,5008,3,49.55
20057,2025-07-01 02:34:00,3,1006,5002,3,10.04
20058,2025-07-01 23:36:00,1,1010,5017,2,49.55
20059,2025-07-01 12:38:00,1,1006,5007,4,10.04
20060,2025-07-01 06:47:00,1,1010,5018,3,49.55
20061,2025-07-01 00:19:00,1,1010,5004,3,49.55
20062,2025-07-01 16:11:00,2,1001,5014,4,43.22
20063,2025-07-01 13:53:00,2,1003,5015,3,217.21
20064,2025-07-01 09:34:00,1,1007,5019,3,242.63
20065,2025-07-01 13:57:00,2,1006,5017,2,10.04
20066,2025-07-01 04:23:00,1,1006,5005,3,10.04
20067,2025-07-01 18:46:00,1,1005,5012,4,178.48
20068,2025-07-01 00:46:00,2,1004,5013,2,152.27
20069,2025-07-01 06:09:00,1,1003,5008,3,217.21
20070,2025-07-01 01:59:00,1,1010,5019,2,49.55
20071,2025-07-01 01:56:00,2,1003,5005,4,217.21
20072,2025-07-01 18:01:00,1,1007,5009,3,242.63
20073,2025-07-01 18:39:00,2,1010,5015,1,49.55
20074,2025-07-01 14:56:00,1,1006,5008,4,10.04
20075,2025-07-01 14:20:00,2,1007,5005,4,242.63
20076,2025-07-01 16:36:00,2,1007,5012,3,242.63
20077,2025-07-01 17:50:00,1,1006,5014,1,10.04
20078,2025-07-01 16:51:00,2,1001,5014,2,43.22
20079,2025-07-01 07:53:00,2,1005,5016,4,178.48
20080,2025-07-01 21:17:00,1,1005,5004,3,178.48
20081,2025-07-01 18:43:00,2,1005,5010,3,178.48
20082,2025-07-01 07:21:00,2,1002,5010,4,19.23
20083,2025-07-01 08:35:00,1,1001,5005,4,43.22
20084,2025-07-01 14:55:00,1,1008,5002,4,208.95
20085,2025-07-01 06:19:00,2,1004,5012,4,152.27
20086,2025-07-01 21:31:00,3,1001,5019,1,43.22
20087,2025-07-01 17:46:00,2,1003,5001,1,217.21
20088,2025-07-01 00:34:00,2,1002,5019,1,19.23
20089,2025-07-01 16:09:00,1,1007,5008,1,242.63
20090,2025-07-01 10:16:00,3,1010,5002,2,49.55
20091,2025-07-01 18:18:00,1,1007,5018,4,242.63
20092,2025-07-01 07:36:00,2,1008,5004,4,208.95
20093,2025-07-01 18:42:00,1,1008,5003,4,208.95
20094,2025-07-01 01:35:00,3,1004,5017,2,152.27
20095,2025-07-01 04:38:00,1,1008,5005,3,208.95
20096,2025-07-01 21:36:00,2,1009,5009,3,57.02
20097,2025-07-02 17:22:00,3,1009,5013,2,57.02
20098,2025-07-02 20:56:00,1,1001,5012,4,43.22
20099,2025-07-02 11:57:00,3,1003,5009,4,217.21
20100,2025-07-02 18:12:00,1,1004,5015,3,152.27
20101,2025-07-02 19:34:00,3,1003,5020,4,217.21
20102,2025-07-02 17:45:00,1,1009,5013,3,57.02
20103,2025-07-02 10:33:00,3,1010,5014,3,49.55
20104,2025-07-02 10:57:00,3,1005,5011,3,178.48
20105,2025-07-02 21:16:00,1,1009,5012,2,57.02
20106,2025-07-02 19:51:00,1,1006,5014,3,10.04
20107,2025-07-02 10:33:00,3,1010,5018,1,49.55
20108,2025-07-02 05:38:00,2,1002,5005,1,19.23
20109,2025-07-02 22:45:00,1,1008,5013,4,208.95
20110,2025-07-02 22:04:00,1,1004,5007,1,152.27
20111,2025-07-02 07:24:00,3,1004,5006,4,152.27
20112,2025-07-02 00:38:00,2,1006,5010,3,10.04
20113,2025-07-02 20:43:00,2,1003,5013,1,217.21
20114,2025-07-02 14:54:00,1,1010,5008,4,49.55
20115,2025-07-02 05:47:00,3,1009,5001,3,57.02
20116,2025-07-02 13:43:00,1,1009,5017,3,57.02
20117,2025-07-02 11:24:00,2,1001,5006,2,43.22
20118,2025-07-02 20:50:00,1,1005,5011,4,178.48
20119,2025-07-02 20:56:00,3,1003,5018,4,217.21
20120,2025-07-02 23:16:00,3,1001,5015,2,43.22
20121,2025-07-02 16:10:00,3,1006,5003,2,10.04
20122,2025-07-02 16:11:00,2,1010,5016,4,49.55
20123,2025-07-02 22:51:00,2,1008,5008,4,208.95
20124,2025-07-02 22:19:00,2,1004,5008,2,152.27
20125,2025-07-02 12:19:00,1,1002,5005,4,19.23
20126,2025-07-02 15:28:00,1,1006,5017,3,10.04
20127,2025-07-02 15:08:00,1,1005,5013,4,178.48
20128,2025-07-02 14:42:00,2,1003,5006,1,217.21
20129,2025-07-02 13:43:00,2,1005,5002,3,178.48
20130,2025-07-02 19:02:00,1,1002,5013,3,19.23
20131,2025-07-02 03:43:00,2,1008,5001,1,208.95
20132,2025-07-02 01:44:00,1,1001,5017,3,43.22
20133,2025-07-02 13:42:00,1,1003,5001,3,217.21
20134,2025-07-02 12:50:00,1,1006,5017,4,10.04
20135,2025-07-02 11:16:00,1,1005,5005,3,178.48
20136,2025-07-02 18:28:00,1,1010,5019,2,49.55
20137,2025-07-02 11:24:00,3,1009,5001,2,57.02
20138,2025-07-02 08:07:00,1,1004,5001,2,152.27
20139,2025-07-02 02:33:00,3,1002,5008,4,19.23
20140,2025-07-02 22:09:00,3,1010,5003,2,49.55
20141,2025-07-02 16:29:00,1,1001,5012,2,43.22
20142,2025-07-02 22:06:00,3,1009,5016,1,57.02
20143,2025-07-02 09:37:00,1,1007,5005,3,242.63
20144,2025-07-02 13:25:00,2,1003,5006,3,217.21
20145,2025-07-02 22:38:00,2,1002,5018,2,19.23
20146,2025-07-02 02:45:00,1,1003,5002,3,217.21
20147,2025-07-02 12:38:00,2,1001,5015,4,43.22
20148,2025-07-02 13:16:00,1,1010,5017,3,49.55
20149,2025-07-02 13:04:00,2,1004,5017,2,152.27
20150,2025-07-02 00:52:00,2,1004,5005,4,152.27
20151,2025-07-02 01:50:00,3,1002,5011,1,19.23
20152,2025-07-02 23:17:00,3,1009,5016,3,57.02
20153,2025-07-02 20:18:00,1,1008,5008,4,208.95
20154,2025-07-02 10:33:00,1,1003,5018,3,217.21
20155,2025-07-02 10:03:00,2,1003,5005,3,217.21
20156,2025-07-02 10:44:00,1,1010,5006,1,49.55
20157,2025-07-02 18:21:00,2,1009,5014,4,57.02
20158,2025-07-02 04:08:00,2,1010,5009,1,49.55
20159,2025-07-02 01:46:00,2,1009,5015,2,57.02
20160,2025-07-02 00:07:00,1,1001,5004,2,43.22
20161,2025-07-02 05:02:00,3,1001,5020,3,43.22
20162,2025-07-02 00:27:00,2,1008,5014,2,208.95
20163,2025-07-02 11:05:00,1,1007,5002,2,242.63
20164,2025-07-02 15:18:00,3,1008,5007,3,208.95
20165,2025-07-02 17:18:00,3,1002,5006,2,19.23
20166,2025-07-02 17:42:00,2,1009,5005,3,57.02
20167,2025-07-02 02:05:00,2,1009,5007,1,57.02
20168,2025-07-02 23:37:00,1,1009,5013,1,57.02
20169,2025-07-02 01:50:00,2,1003,5013,1,217.21
20170,2025-07-02 23:12:00,3,1004,5002,3,152.27
20171,2025-07-02 11:31:00,1,1003,5009,2,217.21
20172,2025-07-02 05:14:00,3,1010,5002,4,49.55
20173,2025-07-02 11:01:00,1,1006,5001,1,10.04
20174,2025-07-02 10:23:00,3,1005,5006,2,178.48
20175,2025-07-02 05:49:00,2,1004,5011,2,152.27
20176,2025-07-02 14:58:00,3,1008,5009,3,208.95
20177,2025-07-02 09:07:00,1,1003,5008,3,217.21
20178,2025-07-02 07:47:00,2,1008,5006,3,208.95
20179,2025-07-02 14:40:00,2,1004,5006,3,152.27
20180,2025-07-02 03:13:00,2,1008,5019,2,208.95
20181,2025-07-02 22:03:00,1,1008,5019,2,208.95
20182,2025-07-02 12:03:00,3,1005,5004,2,178.48
20183,2025-07-02 00:00:00,3,1001,5017,4,43.22
20184,2025-07-02 02:18:00,1,1010,5006,2,49.55
20185,2025-07-02 15:01:00,3,1004,5011,1,152.27
20186,2025-07-02 02:51:00,1,1002,5010,4,19.23
20187,2025-07-02 05:20:00,2,1002,5008,1,19.23
20188,2025-07-02 15:10:00,1,1005,5017,1,178.48
20189,2025-07-02 18:38:00,2,1008,5003,2,208.95
20190,2025-07-02 05:33:00,2,1001,5012,1,43.22
20191,2025-07-02 09:47:00,1,1005,5011,4,178.48
20192,2025-07-02 22:52:00,2,1003,5001,3,217.21
20193,2025-07-02 04:29:00,1,1008,5009,3,208.95
20194,2025-07-02 14:10:00,1,1003,5005,1,217.21
20195,2025-07-02 17:45:00,1,1010,5004,2,49.55
20196,2025-07-03 10:15:00,3,1002,5008,4,19.23
20197,2025-07-03 17:26:00,1,1003,5006,1,217.21
20198,2025-07-03 16:46:00,1,1001,5017,1,43.22
20199,2025-07-03 01:43:00,1,1007,5014,2,242.63
20200,2025-07-03 09:38:00,2,1003,5019,3,217.21
20201,2025-07-03 17:18:00,2,1007,5008,3,242.63
20202,2025-07-03 06:59:00,3,1001,5007,4,43.22
20203,2025-07-03 16:36:00,1,1006,5001,1,10.04
20204,2025-07-03 08:36:00,2,1007,5004,1,242.63
20205,2025-07-03 19:42:00,1,1010,5006,1,49.55
20206,2025-07-03 19:40:00,3,1004,5020,1,152.27
20207,2025-07-03 02:09:00,1,1008,5015,1,208.95
20208,2025-07-03 21:46:00,2,1003,5004,3,217.21
20209,2025-07-03 14:31:00,2,1005,5011,4,178.48
20210,2025-07-03 13:34:00,3,1006,5008,2,10.04
20211,2025-07-03 02:20:00,2,1010,5011,2,49.55
20212,2025-07-03 16:32:00,1,1008,5018,2,208.95
20213,2025-07-03 14:47:00,1,1008,5011,4,208.95
20214,2025-07-03 10:03:00,1,1005,5010,4,178.48
20215,2025-07-03 21:59:00,1,1010,5019,1,49.55
20216,2025-07-03 13:33:00,3,1009,5011,2,57.02
20217,2025-07-03 16:22:00,2,1005,5014,1,178.48
20218,2025-07-03 11:00:00,3,1009,5019,1,57.02
20219,2025-07-03 05:12:00,2,1009,5009,1,57.02
20220,2025-07-03 09:34:00,3,1005,5009,2,178.48
20221,2025-07-03 06:25:00,2,1004,5011,1,152.27
20222,2025-07-03 10:39:00,3,1007,5002,2,242.63
20223,2025-07-03 19:44:00,2,1003,5007,2,217.21
20224,2025-07-03 11:05:00,2,1001,5011,1,43.22
20225,2025-07-03 14:08:00,3,1002,5017,1,19.23
20226,2025-07-03 05:41:00,2,1004,5017,1,152.27
20227,2025-07-03 19:24:00,1,1008,5007,1,208.95
20228,2025-07-03 00:31:00,2,1007,5019,3,242.63
20229,2025-07-03 00:17:00,3,1001,5016,1,43.22
20230,2025-07-03 16:49:00,3,1001,5019,2,43.22
20231,2025-07-03 20:45:00,2,1002,5017,2,19.23
20232,2025-07-03 21:27:00,1,1006,5004,3,10.04
20233,2025-07-03 02:41:00,2,1007,5003,3,242.63
20234,2025-07-03 22:52:00,3,1001,5018,3,43.22
20235,2025-07-03 07:22:00,3,1008,5003,1,208.95
20236,2025-07-03 09:38:00,1,1008,5015,2,208.95
20237,2025-07-03 01:35:00,2,1003,5015,1,217.21
20238,2025-07-03 07:31:00,3,1008,5014,2,208.95
20239,2025-07-03 13:42:00,3,1004,5014,1,152.27
20240,2025-07-03 02:30:00,3,1002,5010,3,19.23
20241,2025-07-03 15:14:00,1,1005,5016,3,178.48
20242,2025-07-03 13:34:00,2,1004,5018,1,152.27
20243,2025-07-03 17:02:00,2,1005,5011,4,178.48
20244,2025-07-03 13:24:00,1,1002,5012,3,19.23
20245,2025-07-03 17:56:00,2,1006,5009,4,10.04
20246,2025-07-03 11:53:00,1,1003,5012,4,217.21
20247,2025-07-03 02:07:00,3,1008,5014,3,208.95
20248,2025-07-03 08:45:00,1,1001,5019,2,43.22
20249,2025-07-03 21:44:00,1,1009,5002,4,57.02
20250,2025-07-03 00:03:00,2,1007,5011,1,242.63
20251,2025-07-03 13:24:00,2,1010,5013,2,49.55
20252,2025-07-03 15:33:00,1,1006,5010,2,10.04
20253,2025-07-03 16:37:00,1,1002,5005,1,19.23
20254,2025-07-03 00:26:00,2,1010,5010,4,49.55
20255,2025-07-03 02:47:00,3,1009,5006,3,57.02
20256,2025-07-03 13:40:00,1,1002,5013,4,19.23
20257,2025-07-03 15:21:00,1,1007,5013,2,242.63
20258,2025-07-03 16:59:00,2,1005,5014,4,178.48
20259,2025-07-03 11:32:00,3,1006,5001,3,10.04
20260,2025-07-03 11:15:00,3,1004,5011,3,152.27
20261,2025-07-03 22:13:00,3,1001,5007,3,43.22
20262,2025-07-03 06:45:00,2,1002,5015,3,19.23
20263,2025-07-03 12:30:00,2,1005,5001,4,178.48
20264,2025-07-03 15:57:00,3,1004,5003,3,152.27
20265,2025-07-03 01:12:00,1,1002,5002,1,19.23
20266,2025-07-03 20:40:00,1,1009,5017,4,57.02
20267,2025-07-03 02:10:00,3,1008,5007,2,208.95
20268,2025-07-03 01:41:00,3,1002,5012,1,19.23
20269,2025-07-03 17:47:00,1,1002,5019,4,19.23
20270,2025-07-03 00:11:00,2,1001,5017,1,43.22
20271,2025-07-03 11:00:00,3,1008,5008,3,208.95
20272,2025-07-03 16:15:00,2,1001,5005,3,43.22
20273,2025-07-03 21:31:00,1,1006,5018,4,10.04
20274,2025-07-03 00:46:00,2,1010,5013,1,49.55
20275,2025-07-03 16:20:00,1,1010,5007,4,49.55
20276,2025-07-03 05:34:00,2,1006,5007,2,10.04
20277,2025-07-03 11:27:00,3,1005,5009,3,178.48
20278,2025-07-03 16:29:00,3,1008,5018,2,208.95
20279,2025-07-03 10:14:00,2,1004,5003,3,152.27
20280,2025-07-03 18:41:00,1,1001,5003,2,43.22
20281,2025-07-03 03:02:00,2,1003,5011,1,217.21
20282,2025-07-03 08:16:00,3,1007,5007,4,242.63
20283,2025-07-03 19:44:00,2,1004,5013,1,152.27
20284,2025-07-03 12:18:00,3,1010,5002,4,49.55
20285,2025-07-03 21:37:00,1,1010,5013,2,49.55
20286,2025-07-03 00:28:00,2,1003,5007,3,217.21
20287,2025-07-03 04:31:00,1,1001,5012,1,43.22
20288,2025-07-03 04:25:00,1,1008,5015,4,208.95
20289,2025-07-03 09:36:00,1,1009,5007,3,57.02
20290,2025-07-03 06:15:00,2,1001,5013,3,43.22
20291,2025-07-03 04:52:00,2,1002,5018,4,19.23
20292,2025-07-03 09:44:00,1,1009,5001,4,57.02
20293,2025-07-03 01:00:00,3,1001,5004,1,43.22
20294,2025-07-03 22:22:00,3,1005,5006,3,178.48
20295,2025-07-03 19:36:00,2,1008,5013,3,208.95
20296,2025-07-03 22:13:00,3,1007,5004,4,242.63
20297,2025-07-03 22:33:00,2,1005,5013,3,178.48
20298,2025-07-03 08:25:00,1,1002,5009,1,19.23
20299,2025-07-03 00:53:00,1,1003,5006,4,217.21
20300,2025-07-04 06:58:00,2,1001,5003,1,43.22
20301,2025-07-04 02:39:00,3,1002,5017,2,19.23
20302,2025-07-04 18:32:00,1,1003,5013,2,217.21
20303,2025-07-04 21:30:00,1,1009,5014,4,57.02
20304,2025-07-04 16:27:00,3,1009,5003,4,57.02
20305,2025-07-04 08:40:00,2,1009,5002,3,57.02
20306,2025-07-04 15:54:00,3,1008,5005,1,208.95
20307,2025-07-04 05:27:00,2,1002,5015,4,19.23
20308,2025-07-04 00:36:00,2,1005,5018,4,178.48
20309,2025-07-04 17:43:00,2,1005,5017,1,178.48
20310,2025-07-04 00:39:00,2,1003,5003,2,217.21
20311,2025-07-04 09:30:00,1,1001,5019,2,43.22
20312,2025-07-04 22:48:00,1,1009,5011,1,57.02
20313,2025-07-04 07:01:00,3,1005,5004,2,178.48
20314,2025-07-04 13:45:00,1,1007,5011,1,242.63
20315,2025-07-04 11:11:00,2,1009,5010,3,57.02
20316,2025-07-04 01:21:00,3,1005,5007,2,178.48
20317,2025-07-04 04:54:00,1,1004,5014,2,152.27
20318,2025-07-04 18:56:00,2,1002,5013,4,19.23
20319,2025-07-04 14:25:00,3,1009,5008,1,57.02
20320,2025-07-04 07:46:00,2,1008,5003,1,208.95
20321,2025-07-04 23:55:00,2,1007,5009,2,242.63
20322,2025-07-04 22:27:00,2,1005,5004,1,178.48
20323,2025-07-04 14:45:00,2,1001,5017,4,43.22
20324,2025-07-04 21:33:00,2,1001,5018,2,43.22
20325,2025-07-04 07:39:00,1,1004,5003,3,152.27
20326,2025-07-04 14:38:00,1,1007,5011,1,242.63
20327,2025-07-04 12:17:00,2,1003,5002,3,217.21
20328,2025-07-04 00:38:00,1,1004,5003,1,152.27
20329,2025-07-04 16:13:00,2,1007,5011,1,242.63
20330,2025-07-04 14:08:00,3,1004,5011,2,152.27
20331,2025-07-04 01:23:00,1,1008,5015,4,208.95
20332,2025-07-04 21:20:00,3,1006,5005,3,10.04
20333,2025-07-04 19:45:00,3,1010,5006,4,49.55
20334,2025-07-04 13:11:00,1,1003,5017,4,217.21
20335,2025-07-04 18:03:00,3,1002,5012,3,19.23
20336,2025-07-04 17:30:00,3,1009,5008,1,57.02
20337,2025-07-04 05:48:00,3,1002,5007,4,19.23
20338,2025-07-04 08:46:00,2,1005,5003,4,178.48
20339,2025-07-04 21:36:00,3,1009,5014,2,57.02
20340,2025-07-04 16:56:00,2,1004,5009,4,152.27
20341,2025-07-04 18:07:00,3,1006,5002,2,10.04
20342,2025-07-04 22:23:00,2,1001,5018,4,43.22
20343,2025-07-04 02:45:00,3,1002,5015,2,19.23
20344,2025-07-04 23:35:00,1,1009,5006,1,57.02
20345,2025-07-04 09:47:00,1,1006,5009,3,10.04
20346,2025-07-04 18:29:00,2,1009,5015,2,57.02
20347,2025-07-04 00:01:00,2,1004,5010,1,152.27
20348,2025-07-04 09:48:00,1,1001,5009,1,43.22
20349,2025-07-04 19:49:00,2,1004,5007,2,152.27
20350,2025-07-04 02:22:00,2,1007,5014,2,242.63
20351,2025-07-04 05:16:00,1,1002,5012,2,19.23
20352,2025-07-04 12:53:00,1,1003,5006,3,217.21
20353,2025-07-04 11:55:00,2,1009,5009,3,57.02
20354,2025-07-04 18:27:00,2,1008,5018,4,208.95
20355,2025-07-04 22:17:00,2,1007,5020,3,242.63
20356,2025-07-04 13:28:00,3,1006,5003,2,10.04
20357,2025-07-04 16:53:00,2,1010,5011,2,49.55
20358,2025-07-04 22:04:00,1,1007,5013,4,242.63
20359,2025-07-04 12:29:00,3,1003,5019,2,217.21
20360,2025-07-04 05:08:00,1,1004,5008,1,152.27
20361,2025-07-04 15:13:00,2,1007,5019,4,242.63
20362,2025-07-04 18:02:00,1,1003,5005,2,217.21
20363,2025-07-04 00:34:00,3,1003,5010,4,217.21
20364,2025-07-04 15:02:00,1,1006,5015,3,10.04
20365,2025-07-04 08:35:00,1,1001,5020,2,43.22
20366,2025-07-04 15:46:00,1,1004,5018,4,152.27
20367,2025-07-04 05:34:00,2,1009,5002,4,57.02
20368,2025-07-04 12:34:00,3,1002,5006,4,19.23
20369,2025-07-04 21:00:00,3,1003,5012,2,217.21
20370,2025-07-04 14:26:00,1,1002,5015,4,19.23
20371,2025-07-04 22:01:00,2,1010,5004,4,49.55
20372,2025-07-04 16:44:00,1,1002,5005,3,19.23
20373,2025-07-04 08:23:00,2,1009,5015,2,57.02
20374,2025-07-04 13:57:00,2,1007,5020,1,242.63
20375,2025-07-04 20:52:00,3,1001,5002,3,43.22
20376,2025-07-04 15:18:00,1,1005,5001,3,178.48
20377,2025-07-04 14:03:00,2,1010,5014,3,49.55
20378,2025-07-04 16:11:00,3,1009,5005,1,57.02
20379,2025-07-04 18:50:00,1,1001,5020,1,43.22
20380,2025-07-04 05:04:00,1,1005,5005,3,178.48
20381,2025-07-04 10:19:00,3,1001,5012,4,43.22
20382,2025-07-04 16:08:00,2,1004,5014,2,152.27
20383,2025-07-04 17:38:00,3,1005,5001,4,178.48
20384,2025-07-04 16:48:00,1,1006,5005,1,10.04
20385,2025-07-04 04:35:00,2,1003,5012,2,217.21
20386,2025-07-04 03:36:00,2,1005,5011,2,178.48
20387,2025-07-04 20:07:00,3,1002,5007,1,19.23
20388,2025-07-04 02:30:00,2,1002,5012,3,19.23
20389,2025-07-04 14:51:00,2,1004,5018,4,152.27
20390,2025-07-04 02:08:00,1,1007,5018,4,242.63
20391,2025-07-04 01:25:00,1,1007,5006,4,242.63
20392,2025-07-04 23:57:00,2,1002,5011,1,19.23
20393,2025-07-04 05:02:00,2,1002,5017,2,19.23
20394,2025-07-04 05:44:00,3,1008,5012,1,208.95
20395,2025-07-04 21:50:00,3,1004,5001,1,152.27
20396,2025-07-04 20:43:00,1,1005,5005,4,178.48
20397,2025-07-04 19:44:00,3,1002,5006,2,19.23
20398,2025-07-04 09:44:00,1,1009,5016,1,57.02
20399,2025-07-04 22:27:00,3,1005,5009,1,178.48
20400,2025-07-04 00:18:00,2,1002,5006,1,19.23
20401,2025-07-04 16:40:00,1,1006,5018,2,10.04
20402,2025-07-05 22:47:00,1,1003,5011,1,217.21
20403,2025-07-05 18:19:00,1,1006,5015,3,10.04
20404,2025-07-05 13:47:00,1,1010,5015,3,49.55
20405,2025-07-05 04:50:00,1,1009,5017,1,57.02
20406,2025-07-05 16:07:00,3,1006,5011,2,10.04
20407,2025-07-05 17:06:00,1,1010,5014,2,49.55
20408,2025-07-05 07:33:00,2,1005,5008,2,178.48
20409,2025-07-05 05:03:00,1,1005,5012,1,178.48
20410,2025-07-05 00:42:00,3,1005,5012,3,178.48
20411,2025-07-05 06:03:00,2,1007,5014,2,242.63
20412,2025-07-05 05:35:00,3,1005,5011,3,178.48
20413,2025-07-05 11:54:00,1,1005,5015,4,178.48
20414,2025-07-05 02:20:00,1,1003,5004,3,217.21
20415,2025-07-05 16:03:00,2,1006,5002,3,10.04
20416,2025-07-05 12:30:00,3,1005,5014,4,178.48
20417,2025-07-05 11:09:00,2,1003,5016,4,217.21
20418,2025-07-05 10:43:00,1,1002,5017,2,19.23
20419,2025-07-05 22:54:00,3,1010,5011,1,49.55
20420,2025-07-05 15:58:00,3,1010,5013,3,49.55
20421,2025-07-05 04:57:00,1,1008,5010,1,208.95
20422,2025-07-05 23:28:00,2,1008,5020,4,208.95
20423,2025-07-05 14:50:00,3,1008,5010,1,208.95
20424,2025-07-05 08:40:00,2,1007,5009,2,242.63
20425,2025-07-05 19:37:00,1,1010,5010,4,49.55
20426,2025-07-05 18:03:00,3,1005,5018,4,178.48
20427,2025-07-05 16:32:00,3,1007,5018,2,242.63
20428,2025-07-05 08:02:00,3,1007,5005,2,242.63
20429,2025-07-05 13:24:00,2,1002,5017,1,19.23
20430,2025-07-05 10:49:00,3,1003,5007,4,217.21
20431,2025-07-05 07:20:00,1,1009,5013,2,57.02
20432,2025-07-05 23:17:00,3,1009,5003,2,57.02
20433,2025-07-05 16:38:00,3,1007,5017,1,242.63
20434,2025-07-05 20:41:00,3,1008,5014,4,208.95
20435,2025-07-05 16:45:00,1,1006,5007,2,10.04
20436,2025-07-05 01:12:00,1,1004,5005,4,152.27
20437,2025-07-05 16:38:00,1,1008,5006,1,208.95
20438,2025-07-05 15:55:00,2,1004,5017,1,152.27
20439,2025-07-05 01:06:00,2,1005,5008,4,178.48
20440,2025-07-05 19:13:00,2,1006,5003,4,10.04
20441,2025-07-05 20:32:00,2,1007,5002,4,242.63
20442,2025-07-05 07:32:00,2,1003,5020,2,217.21
20443,2025-07-05 07:25:00,2,1009,5016,3,57.02
20444,2025-07-05 23:43:00,1,1009,5016,3,57.02
20445,2025-07-05 03:56:00,2,1008,5003,4,208.95
20446,2025-07-05 21:11:00,2,1007,5019,4,242.63
20447,2025-07-05 06:45:00,2,1001,5020,1,43.22
20448,2025-07-05 16:52:00,1,1002,5007,4,19.23
20449,2025-07-05 08:00:00,1,1006,5002,4,10.04
20450,2025-07-05 06:00:00,2,1007,5013,2,242.63
20451,2025-07-05 13:54:00,1,1005,5009,2,178.48
20452,2025-07-05 05:10:00,2,1004,5004,2,152.27
20453,2025-07-05 05:41:00,3,1006,5011,3,10.04
20454,2025-07-05 09:20:00,3,1005,5010,4,178.48
20455,2025-07-05 19:41:00,1,1010,5018,2,49.55
20456,2025-07-05 18:10:00,2,1008,5014,2,208.95
20457,2025-07-05 06:38:00,1,1007,5014,4,242.63
20458,2025-07-05 02:09:00,3,1005,5002,3,178.48
20459,2025-07-05 04:25:00,2,1003,5014,2,217.21
20460,2025-07-05 13:52:00,3,1009,5001,2,57.02
20461,2025-07-05 08:02:00,3,1006,5020,2,10.04
20462,2025-07-05 08:01:00,1,1009,5013,2,57.02
20463,2025-07-05 18:22:00,1,1008,5002,1,208.95
20464,2025-07-05 09:02:00,1,1004,5012,1,152.27
20465,2025-07-05 00:42:00,1,1004,5006,2,152.27
20466,2025-07-05 16:50:00,3,1002,5019,4,19.23
20467,2025-07-05 05:44:00,2,1005,5002,3,178.48
20468,2025-07-05 21:16:00,2,1002,5011,2,19.23
20469,2025-07-05 01:22:00,3,1008,5009,3,208.95
20470,2025-07-05 14:42:00,2,1009,5009,3,57.02
20471,2025-07-05 21:23:00,1,1007,5016,4,242.63
20472,2025-07-05 01:40:00,1,1004,5008,3,152.27
20473,2025-07-05 13:39:00,1,1007,5020,4,242.63
20474,2025-07-05 18:06:00,3,1004,5006,4,152.27
20475,2025-07-05 02:34:00,3,1005,5003,4,178.48
20476,2025-07-05 09:57:00,1,1006,5007,2,10.04
20477,2025-07-05 06:44:00,2,1005,5002,2,178.48
20478,2025-07-05 10:49:00,1,1006,5015,2,10.04
20479,2025-07-05 01:04:00,1,1007,5007,2,242.63
20480,2025-07-05 20:36:00,1,1005,5018,2,178.48
20481,2025-07-05 11:11:00,1,1005,5005,2,178.48
20482,2025-07-05 11:39:00,1,1004,5003,1,152.27
20483,2025-07-05 10:23:00,2,1005,5004,4,178.48
20484,2025-07-05 09:13:00,1,1002,5003,4,19.23
20485,2025-07-05 01:44:00,1,1005,5013,2,178.48
20486,2025-07-05 02:08:00,1,1001,5009,4,43.22
20487,2025-07-05 18:40:00,1,1002,5016,4,19.23
20488,2025-07-05 21:47:00,1,1010,5008,2,49.55
20489,2025-07-05 12:05:00,3,1007,5008,2,242.63
20490,2025-07-05 15:55:00,1,1008,5015,1,208.95
20491,2025-07-05 09:40:00,3,1007,5013,4,242.63
20492,2025-07-05 20:23:00,1,1001,5005,3,43.22
20493,2025-07-05 06:47:00,1,1009,5011,3,57.02
20494,2025-07-05 02:27:00,1,1003,5017,4,217.21
20495,2025-07-05 07:15:00,3,1005,5014,4,178.48
20496,2025-07-05 07:21:00,3,1003,5019,3,217.21
20497,2025-07-05 16:31:00,2,1005,5008,1,178.48
20498,2025-07-05 05:28:00,1,1001,5008,3,43.22
20499,2025-07-05 23:25:00,3,1002,5018,3,19.23
20500,2025-07-05 03:36:00,1,1004,5009,2,152.27
20501,2025-07-05 02:28:00,2,1010,5018,3,49.55
20502,2025-07-05 06:13:00,2,1004,5008,4,152.27
20503,2025-07-05 08:42:00,2,1005,5016,4,178.48
20504,2025-07-06 08:07:00,3,1001,5018,4,43.22
20505,2025-07-06 06:53:00,2,1010,5018,1,49.55
20506,2025-07-06 11:25:00,3,1004,5012,1,152.27
20507,2025-07-06 20:45:00,2,1001,5003,4,43.22
20508,2025-07-06 15:42:00,1,1007,5017,3,242.63
20509,2025-07-06 11:00:00,2,1002,5013,1,19.23
20510,2025-07-06 10:46:00,2,1008,5008,2,208.95
20511,2025-07-06 11:01:00,2,1007,5011,4,242.63
20512,2025-07-06 12:49:00,2,1009,5013,2,57.02
20513,2025-07-06 23:50:00,3,1005,5020,3,178.48
20514,2025-07-06 07:00:00,2,1008,5013,4,208.95
20515,2025-07-06 00:18:00,3,1001,5003,4,43.22
20516,2025-07-06 21:44:00,3,1007,5007,1,242.63
20517,2025-07-06 20:09:00,2,1005,5008,3,178.48
20518,2025-07-06 08:34:00,1,1008,5012,1,208.95
20519,2025-07-06 20:47:00,3,1001,5008,4,43.22
20520,2025-07-06 17:13:00,1,1010,5011,2,49.55
20521,2025-07-06 15:22:00,3,1005,5014,4,178.48
20522,2025-07-06 23:36:00,1,1002,5016,1,19.23
20523,2025-07-06 05:13:00,2,1004,5010,4,152.27
20524,2025-07-06 17:17:00,2,1006,5017,4,10.04
20525,2025-07-06 16:54:00,3,1009,5020,2,57.02
20526,2025-07-06 11:37:00,1,1006,5019,4,10.04
20527,2025-07-06 08:55:00,2,1004,5004,3,152.27
20528,2025-07-06 13:41:00,2,1006,5005,3,10.04
20529,2025-07-06 15:41:00,2,1008,5010,3,208.95
20530,2025-07-06 19:02:00,1,1004,5013,4,152.27
20531,2025-07-06 05:35:00,3,1007,5014,4,242.63
20532,2025-07-06 08:55:00,2,1010,5020,3,49.55
20533,2025-07-06 02:38:00,3,1002,5018,2,19.23
20534,2025-07-06 06:45:00,3,1003,5014,1,217.21
20535,2025-07-06 22:17:00,2,1008,5012,1,208.95
20536,2025-07-06 07:11:00,3,1006,5004,1,10.04
20537,2025-07-06 08:00:00,3,1004,5017,2,152.27
20538,2025-07-06 12:42:00,1,1002,5020,3,19.23
20539,2025-07-06 06:40:00,1,1009,5013,4,57.02
20540,2025-07-06 06:38:00,3,1006,5020,4,10.04
20541,2025-07-06 02:16:00,3,1006,5014,3,10.04
20542,2025-07-06 08:19:00,1,1010,5005,4,49.55
20543,2025-07-06 04:13:00,1,1010,5003,2,49.55
20544,2025-07-06 09:22:00,1,1006,5006,1,10.04
20545,2025-07-06 22:05:00,3,1005,5010,3,178.48
20546,2025-07-06 00:48:00,1,1010,5005,3,49.55
20547,2025-07-06 21:23:00,2,1005,5005,2,178.48
20548,2025-07-06 10:40:00,3,1007,5018,3,242.63
20549,2025-07-06 13:28:00,2,1008,5004,1,208.95
20550,2025-07-06 16:24:00,1,1006,5012,2,10.04
20551,2025-07-06 06:53:00,2,1004,5012,1,152.27
20552,2025-07-06 20:43:00,3,1006,5007,4,10.04
20553,2025-07-06 03:24:00,2,1008,5016,2,208.95
20554,2025-07-06 20:51:00,1,1006,5009,4,10.04
20555,2025-07-06 04:09:00,2,1008,5020,3,208.95
20556,2025-07-06 18:13:00,2,1009,5004,1,57.02
20557,2025-07-06 15:43:00,3,1002,5011,4,19.23
20558,2025-07-06 08:11:00,2,1007,5010,1,242.63
20559,2025-07-06 02:44:00,1,1008,5014,4,208.95
20560,2025-07-06 19:14:00,1,1010,5018,1,49.55
20561,2025-07-06 06:10:00,1,1007,5005,2,242.63
20562,2025-07-06 07:24:00,1,1009,5012,1,57.02
20563,2025-07-06 14:54:00,1,1009,5018,1,57.02
20564,2025-07-06 16:54:00,2,1010,5007,1,49.55
20565,2025-07-06 00:42:00,2,1001,5002,1,43.22
20566,2025-07-06 16:05:00,1,1009,5017,3,57.02
20567,2025-07-06 14:12:00,2,1006,5001,2,10.04
20568,2025-07-06 18:09:00,1,1005,5016,2,178.48
20569,2025-07-06 10:36:00,3,1010,5016,2,49.55
20570,2025-07-06 21:57:00,3,1007,5012,2,242.63
20571,2025-07-06 09:20:00,3,1010,5019,3,49.55
20572,2025-07-06 06:22:00,2,1007,5020,1,242.63
20573,2025-07-06 06:15:00,2,1004,5020,2,152.27
20574,2025-07-06 10:27:00,2,1008,5015,1,208.95
20575,2025-07-06 01:05:00,3,1009,5017,4,57.02
20576,2025-07-06 16:51:00,1,1009,5003,4,57.02
20577,2025-07-06 10:00:00,3,1003,5007,2,217.21
20578,2025-07-06 05:06:00,1,1002,5019,3,19.23
20579,2025-07-06 02:43:00,1,1008,5010,4,208.95
20580,2025-07-06 15:04:00,3,1005,5008,1,178.48
20581,2025-07-06 21:31:00,2,1008,5010,2,208.95
20582,2025-07-06 14:36:00,3,1002,5016,3,19.23
20583,2025-07-06 00:39:00,3,1003,5018,3,217.21
20584,2025-07-06 17:03:00,3,1006,5001,1,10.04
20585,2025-07-06 10:12:00,3,1008,5016,1,208.95
20586,2025-07-06 09:03:00,2,1004,5006,2,152.27
20587,2025-07-06 17:19:00,2,1009,5011,4,57.02
20588,2025-07-06 16:52:00,3,1001,5013,3,43.22
20589,2025-07-06 21:23:00,2,1005,5013,2,178.48
20590,2025-07-06 02:10:00,1,1006,5005,2,10.04
20591,2025-07-06 23:25:00,2,1001,5020,4,43.22
20592,2025-07-06 10:45:00,2,1005,5009,3,178.48
20593,2025-07-07 23:07:00,3,1009,5002,3,57.02
20594,2025-07-07 19:14:00,2,1009,5002,1,57.02
20595,2025-07-07 09:05:00,1,1010,5001,4,49.55
20596,2025-07-07 22:17:00,2,1009,5015,3,57.02
20597,2025-07-07 04:32:00,2,1009,5016,3,57.02
20598,2025-07-07 15:30:00,2,1005,5011,4,178.48
20599,2025-07-07 18:09:00,2,1001,5016,4,43.22
20600,2025-07-07 07:33:00,3,1003,5015,4,217.21
20601,2025-07-07 14:14:00,3,1009,5001,4,57.02
20602,2025-07-07 02:22:00,2,1003,5015,4,217.21
20603,2025-07-07 07:39:00,2,1005,5014,3,178.48
20604,2025-07-07 14:04:00,3,1001,5009,3,43.22
20605,2025-07-07 21:14:00,2,1002,5001,3,19.23
20606,2025-07-07 09:09:00,2,1007,5002,3,242.63
20607,2025-07-07 09:55:00,2,1004,5008,1,152.27
20608,2025-07-07 02:33:00,2,1001,5008,1,43.22
20609,2025-07-07 01:22:00,1,1006,5016,3,10.04
20610,2025-07-07 04:43:00,3,1003,5010,3,217.21
20611,2025-07-07 18:06:00,2,1004,5007,1,152.27
20612,2025-07-07 16:51:00,3,1009,5019,3,57.02
20613,2025-07-07 04:45:00,1,1008,5004,2,208.95
20614,2025-07-07 20:26:00,1,1009,5001,4,57.02
20615,2025-07-07 05:33:00,3,1005,5009,3,178.48
20616,2025-07-07 19:10:00,2,1009,5004,4,57.02
20617,2025-07-07 04:27:00,2,1007,5017,4,242.63
20618,2025-07-07 11:00:00,2,1003,5014,3,217.21
20619,2025-07-07 16:52:00,1,1005,5020,4,178.48
20620,2025-07-07 16:16:00,3,1009,5009,1,57.02
20621,2025-07-07 05:42:00,1,1002,5001,4,19.23
20622,2025-07-07 09:18:00,2,1008,5012,4,208.95
20623,2025-07-07 06:45:00,1,1009,5020,3,57.02
20624,2025-07-07 08:24:00,2,1008,5019,1,208.95
20625,2025-07-07 01:15:00,2,1003,5007,4,217.21
20626,2025-07-07 19:45:00,2,1003,5012,2,217.21
20627,2025-07-07 21:25:00,3,1007,5001,1,242.63
20628,2025-07-07 09:32:00,1,1006,5018,1,10.04
20629,2025-07-07 23:23:00,3,1006,5008,2,10.04
20630,2025-07-07 14:26:00,1,1010,5013,1,49.55
20631,2025-07-07 10:52:00,1,1008,5003,2,208.95
20632,2025-07-07 20:13:00,1,1006,5014,1,10.04
20633,2025-07-07 10:01:00,1,1008,5020,3,208.95
20634,2025-07-07 10:17:00,2,1007,5017,1,242.63
20635,2025-07-07 22:47:00,1,1006,5009,2,10.04
20636,2025-07-07 14:15:00,1,1005,5009,1,178.48
20637,2025-07-07 17:44:00,3,1005,5007,3,178.48
20638,2025-07-07 15:06:00,2,1007,5011,1,242.63
20639,2025-07-07 22:35:00,3,1001,5012,4,43.22
20640,2025-07-07 21:03:00,1,1008,5013,4,208.95
20641,2025-07-07 08:39:00,2,1001,5007,1,43.22
20642,2025-07-07 16:44:00,3,1009,5014,3,57.02
20643,2025-07-07 22:27:00,2,1007,5015,1,242.63
20644,2025-07-07 08:04:00,2,1001,5004,3,43.22
20645,2025-07-07 05:31:00,1,1003,5008,3,217.21
20646,2025-07-07 15:58:00,1,1010,5015,3,49.55
20647,2025-07-07 21:29:00,3,1009,5002,2,57.02
20648,2025-07-07 12:50:00,1,1002,5009,3,19.23
20649,2025-07-07 06:26:00,1,1004,5002,2,152.27
20650,2025-07-07 04:27:00,1,1008,5017,2,208.95
20651,2025-07-07 16:25:00,3,1003,5001,3,217.21
20652,2025-07-07 03:42:00,3,1005,5017,1,178.48
20653,2025-07-07 18:50:00,1,1009,5006,3,57.02
20654,2025-07-07 06:14:00,1,1002,5003,4,19.23
20655,2025-07-07 17:33:00,2,1009,5006,1,57.02
20656,2025-07-07 19:39:00,3,1002,5003,4,19.23
20657,2025-07-07 09:19:00,3,1009,5008,3,57.02
20658,2025-07-07 11:18:00,1,1010,5004,3,49.55
20659,2025-07-07 20:19:00,3,1002,5005,4,19.23
20660,2025-07-07 09:18:00,1,1005,5001,4,178.48
20661,2025-07-07 16:46:00,2,1004,5010,3,152.27
20662,2025-07-07 23:35:00,1,1001,5006,1,43.22
20663,2025-07-07 13:52:00,2,1002,5020,4,19.23
20664,2025-07-07 13:56:00,2,1004,5013,1,152.27
20665,2025-07-07 09:16:00,3,1008,5003,4,208.95
20666,2025-07-07 06:02:00,2,1004,5014,2,152.27
20667,2025-07-07 02:04:00,2,1010,5018,3,49.55
20668,2025-07-07 02:01:00,1,1005,5010,2,178.48
20669,2025-07-07 18:30:00,3,1005,5005,2,178.48
20670,2025-07-07 06:08:00,1,1006,5018,4,10.04
20671,2025-07-07 01:07:00,2,1004,5013,1,152.27
20672,2025-07-07 11:13:00,1,1005,5009,1,178.48
20673,2025-07-07 22:57:00,3,1006,5019,1,10.04
20674,2025-07-07 15:41:00,1,1003,5017,2,217.21
20675,2025-07-07 13:55:00,3,1005,5011,4,178.48
20676,2025-07-07 18:54:00,1,1003,5003,1,217.21
20677,2025-07-07 08:28:00,3,1002,5004,3,19.23
20678,2025-07-07 12:41:00,2,1001,5018,3,43.22
20679,2025-07-07 08:39:00,1,1003,5007,1,217.21
20680,2025-07-07 01:03:00,2,1005,5005,1,178.48
20681,2025-07-07 19:23:00,2,1005,5011,2,178.48
20682,2025-07-07 07:55:00,3,1006,5011,1,10.04
20683,2025-07-07 09:17:00,1,1005,5020,1,178.48
20684,2025-07-07 14:42:00,1,1010,5006,4,49.55
20685,2025-07-07 17:02:00,2,1003,5016,2,217.21
20686,2025-07-07 20:39:00,2,1007,5004,2,242.63
20687,2025-07-07 08:18:00,1,1007,5011,3,242.63
20688,2025-07-07 16:13:00,1,1002,5019,1,19.23
20689,2025-07-07 12:51:00,3,1002,5019,4,19.23
20690,2025-07-07 22:32:00,3,1007,5003,1,242.63
20691,2025-07-08 14:40:00,1,1004,5017,1,152.27
20692,2025-07-08 22:26:00,3,1001,5008,4,43.22
20693,2025-07-08 04:46:00,2,1005,5015,1,178.48
20694,2025-07-08 22:52:00,2,1007,5018,4,242.63
20695,2025-07-08 15:05:00,2,1006,5003,3,10.04
20696,2025-07-08 11:35:00,2,1010,5016,4,49.55
20697,2025-07-08 00:18:00,3,1009,5015,2,57.02
20698,2025-07-08 09:01:00,3,1002,5017,4,19.23
20699,2025-07-08 00:00:00,1,1007,5001,3,242.63
20700,2025-07-08 03:07:00,1,1005,5008,1,178.48
20701,2025-07-08 03:13:00,3,1009,5001,3,57.02
20702,2025-07-08 15:41:00,2,1008,5009,3,208.95
20703,2025-07-08 22:58:00,3,1004,5006,2,152.27
20704,2025-07-08 21:53:00,1,1008,5014,3,208.95
20705,2025-07-08 15:35:00,2,1003,5006,3,217.21
20706,2025-07-08 23:23:00,2,1001,5002,3,43.22
20707,2025-07-08 17:16:00,2,1006,5002,4,10.04
20708,2025-07-08 15:03:00,3,1008,5002,3,208.95
20709,2025-07-08 05:20:00,1,1007,5007,2,242.63
20710,2025-07-08 23:46:00,1,1001,5013,1,43.22
20711,2025-07-08 17:26:00,3,1005,5017,3,178.48
20712,2025-07-08 10:59:00,2,1010,5004,2,49.55
20713,2025-07-08 16:51:00,2,1002,5018,2,19.23
20714,2025-07-08 17:33:00,2,1005,5015,4,178.48
20715,2025-07-08 17:15:00,2,1004,5008,1,152.27
20716,2025-07-08 14:09:00,2,1007,5014,3,242.63
20717,2025-07-08 16:30:00,1,1008,5011,2,208.95
20718,2025-07-08 04:53:00,2,1001,5018,2,43.22
20719,2025-07-08 06:29:00,1,1001,5018,3,43.22
20720,2025-07-08 09:36:00,1,1005,5011,4,178.48
20721,2025-07-08 15:10:00,2,1003,5002,1,217.21
20722,2025-07-08 03:17:00,1,1003,5019,1,217.21
20723,2025-07-08 06:40:00,1,1008,5019,4,208.95
20724,2025-07-08 10:31:00,3,1010,5001,3,49.55
20725,2025-07-08 03:54:00,3,1007,5015,2,242.63
20726,2025-07-08 07:10:00,3,1005,5012,1,178.48
20727,2025-07-08 16:18:00,1,1009,5009,2,57.02
20728,2025-07-08 15:12:00,2,1003,5005,4,217.21
20729,2025-07-08 08:59:00,3,1005,5016,2,178.48
20730,2025-07-08 03:46:00,2,1009,5015,3,57.02
20731,2025-07-08 17:16:00,1,1009,5007,4,57.02
20732,2025-07-08 14:57:00,3,1002,5013,1,19.23
20733,2025-07-08 15:51:00,3,1009,5006,1,57.02
20734,2025-07-08 19:56:00,1,1006,5004,1,10.04
20735,2025-07-08 04:33:00,3,1002,5008,1,19.23
20736,2025-07-08 08:59:00,1,1003,5006,4,217.21
20737,2025-07-08 21:15:00,1,1008,5001,2,208.95
20738,2025-07-08 00:53:00,2,1003,5017,1,217.21
20739,2025-07-08 00:52:00,3,1010,5012,1,49.55
20740,2025-07-08 18:45:00,1,1010,5013,2,49.55
20741,2025-07-08 19:21:00,2,1008,5017,2,208.95
20742,2025-07-08 10:13:00,3,1003,5003,1,217.21
20743,2025-07-08 02:50:00,1,1001,5020,4,43.22
20744,2025-07-08 01:58:00,1,1009,5006,4,57.02
20745,2025-07-08 02:54:00,3,1001,5012,4,43.22
20746,2025-07-08 23:34:00,2,1009,5005,2,57.02
20747,2025-07-08 08:38:00,3,1005,5001,1,178.48
20748,2025-07-08 06:12:00,3,1004,5012,1,152.27
20749,2025-07-08 05:06:00,3,1004,5007,1,152.27
20750,2025-07-08 16:22:00,1,1009,5011,4,57.02
20751,2025-07-08 20:37:00,1,1009,5008,4,57.02
20752,2025-07-08 08:08:00,1,1004,5003,4,152.27
20753,2025-07-08 19:07:00,3,1002,5013,2,19.23
20754,2025-07-08 18:47:00,2,1007,5004,4,242.63
20755,2025-07-08 22:34:00,2,1009,5005,3,57.02
20756,2025-07-08 18:33:00,3,1006,5017,1,10.04
20757,2025-07-08 22:04:00,3,1007,5010,2,242.63
20758,2025-07-08 07:35:00,1,1003,5013,3,217.21
20759,2025-07-08 23:55:00,3,1008,5015,4,208.95
20760,2025-07-08 03:35:00,2,1001,5015,1,43.22
20761,2025-07-08 08:08:00,3,1006,5015,4,10.04
20762,2025-07-08 00:04:00,2,1002,5017,2,19.23
20763,2025-07-08 04:07:00,3,1004,5009,4,152.27
20764,2025-07-08 00:14:00,2,1006,5018,1,10.04
20765,2025-07-08 23:33:00,1,1010,5014,1,49.55
20766,2025-07-08 11:53:00,2,1006,5018,2,10.04
20767,2025-07-08 08:39:00,1,1003,5006,2,217.21
20768,2025-07-08 05:32:00,3,1001,5016,1,43.22
20769,2025-07-08 04:31:00,2,1002,5012,3,19.23
20770,2025-07-08 18:33:00,3,1004,5016,3,152.27
20771,2025-07-08 04:33:00,1,1009,5011,4,57.02
20772,2025-07-08 02:33:00,2,1003,5006,3,217.21
20773,2025-07-08 13:16:00,3,1006,5012,4,10.04
20774,2025-07-08 04:04:00,3,1002,5011,1,19.23
20775,2025-07-08 06:01:00,1,1002,5008,2,19.23
20776,2025-07-08 13:52:00,3,1008,5004,2,208.95
20777,2025-07-08 01:32:00,2,1007,5020,1,242.63
20778,2025-07-09 19:39:00,1,1009,5010,1,57.02
20779,2025-07-09 02:49:00,1,1010,5011,3,49.55
20780,2025-07-09 13:09:00,3,1008,5008,2,208.95
20781,2025-07-09 19:56:00,1,1005,5003,3,178.48
20782,2025-07-09 21:10:00,2,1010,5009,4,49.55
20783,2025-07-09 10:04:00,1,1002,5001,3,19.23
20784,2025-07-09 23:02:00,1,1007,5003,1,242.63
20785,2025-07-09 11:24:00,2,1010,5017,2,49.55
20786,2025-07-09 18:34:00,1,1004,5020,1,152.27
20787,2025-07-09 18:01:00,2,1002,5001,4,19.23
20788,2025-07-09 21:29:00,3,1010,5020,1,49.55
20789,2025-07-09 20:16:00,2,1009,5005,1,57.02
20790,2025-07-09 12:12:00,1,1001,5002,2,43.22
20791,2025-07-09 11:00:00,3,1004,5011,1,152.27
20792,2025-07-09 18:52:00,3,1003,5019,4,217.21
20793,2025-07-09 09:11:00,2,1007,5007,3,242.63
20794,2025-07-09 14:33:00,3,1005,5014,1,178.48
20795,2025-07-09 03:40:00,1,1004,5018,3,152.27
20796,2025-07-09 01:51:00,3,1008,5016,1,208.95
20797,2025-07-09 07:54:00,1,1007,5014,2,242.63
20798,2025-07-09 07:00:00,3,1004,5015,2,152.27
20799,2025-07-09 00:39:00,3,1001,5015,3,43.22
20800,2025-07-09 04:49:00,3,1004,5010,2,152.27
20801,2025-07-09 14:36:00,3,1009,5020,1,57.02
20802,2025-07-09 11:39:00,1,1005,5009,3,178.48
20803,2025-07-09 11:19:00,1,1006,5005,2,10.04
20804,2025-07-09 22:20:00,1,1007,5006,3,242.63
20805,2025-07-09 14:03:00,2,1004,5019,3,152.27
20806,2025-07-09 19:52:00,3,1006,5004,3,10.04
20807,2025-07-09 11:41:00,2,1005,5018,1,178.48
20808,2025-07-09 03:25:00,3,1005,5016,1,178.48
20809,2025-07-09 17:50:00,3,1009,5016,2,57.02
20810,2025-07-09 03:32:00,2,1006,5007,4,10.04
20811,2025-07-09 04:31:00,1,1006,5008,1,10.04
20812,2025-07-09 00:31:00,2,1007,5010,3,242.63
20813,2025-07-09 00:09:00,1,1002,5009,3,19.23
20814,2025-07-09 02:32:00,3,1006,5017,1,10.04
20815,2025-07-09 20:14:00,1,1005,5006,1,178.48
20816,2025-07-09 08:08:00,1,1009,5004,3,57.02
20817,2025-07-09 18:39:00,3,1008,5008,2,208.95
20818,2025-07-09 16:46:00,1,1007,5006,3,242.63
20819,2025-07-09 05:12:00,1,1007,5007,2,242.63
20820,2025-07-09 01:12:00,1,1001,5009,2,43.22
20821,2025-07-09 22:40:00,1,1006,5020,2,10.04
20822,2025-07-09 01:48:00,3,1001,5016,4,43.22
20823,2025-07-09 16:02:00,1,1007,5001,4,242.63
20824,2025-07-09 06:08:00,2,1010,5004,3,49.55
20825,2025-07-09 08:07:00,3,1003,5020,3,217.21
20826,2025-07-09 11:40:00,2,1010,5014,1,49.55
20827,2025-07-09 14:48:00,2,1007,5019,4,242.63
20828,2025-07-09 03:12:00,3,1001,5008,1,43.22
20829,2025-07-09 16:39:00,2,1005,5016,3,178.48
20830,2025-07-09 18:32:00,3,1003,5012,3,217.21
20831,2025-07-09 23:19:00,3,1004,5004,3,152.27
20832,2025-07-09 20:29:00,3,1006,5005,3,10.04
20833,2025-07-09 16:54:00,2,1008,5003,3,208.95
20834,2025-07-09 01:52:00,1,1003,5018,3,217.21
20835,2025-07-09 02:19:00,3,1005,5005,3,178.48
20836,2025-07-09 09:28:00,1,1001,5001,2,43.22
20837,2025-07-09 00:49:00,2,1005,5001,2,178.48
20838,2025-07-09 09:18:00,3,1009,5005,3,57.02
20839,2025-07-09 18:27:00,1,1007,5001,4,242.63
20840,2025-07-09 03:34:00,3,1006,5015,3,10.04
20841,2025-07-09 05:37:00,1,1003,5020,4,217.21
20842,2025-07-09 03:21:00,2,1010,5008,1,49.55
20843,2025-07-09 22:28:00,2,1001,5006,2,43.22
20844,2025-07-09 07:04:00,2,1009,5018,1,57.02
20845,2025-07-09 16:58:00,3,1001,5017,3,43.22
20846,2025-07-09 03:27:00,1,1003,5002,2,217.21
20847,2025-07-09 00:21:00,2,1002,5010,4,19.23
20848,2025-07-09 11:08:00,3,1010,5007,3,49.55
20849,2025-07-09 02:27:00,2,1006,5009,4,10.04
20850,2025-07-09 23:57:00,3,1003,5003,4,217.21
20851,2025-07-09 21:46:00,2,1005,5003,2,178.48
20852,2025-07-09 12:24:00,2,1010,5001,1,49.55
20853,2025-07-09 18:08:00,1,1004,5002,3,152.27
20854,2025-07-09 18:22:00,1,1003,5010,2,217.21
20855,2025-07-09 14:50:00,1,1006,5016,3,10.04
20856,2025-07-09 06:53:00,2,1008,5004,2,208.95
20857,2025-07-09 05:00:00,1,1009,5001,1,57.02
20858,2025-07-09 19:47:00,1,1004,5017,3,152.27
20859,2025-07-09 21:00:00,1,1003,5010,1,217.21
20860,2025-07-09 10:56:00,2,1010,5006,4,49.55
20861,2025-07-09 22:44:00,3,1010,5018,2,49.55
20862,2025-07-09 10:43:00,3,1009,5015,4,57.02
20863,2025-07-09 00:42:00,1,1009,5019,3,57.02
20864,2025-07-09 03:31:00,2,1009,5010,1,57.02
20865,2025-07-09 02:30:00,1,1008,5017,3,208.95
20866,2025-07-09 23:09:00,1,1004,5001,3,152.27
20867,2025-07-09 04:55:00,2,1005,5016,3,178.48
20868,2025-07-09 05:37:00,3,1002,5001,3,19.23
20869,2025-07-09 10:38:00,2,1007,5018,2,242.63
20870,2025-07-09 06:26:00,2,1003,5013,4,217.21
20871,2025-07-09 10:02:00,3,1010,5001,2,49.55
20872,2025-07-09 12:00:00,2,1008,5014,3,208.95
20873,2025-07-09 04:54:00,3,1009,5006,1,57.02
20874,2025-07-09 09:08:00,2,1001,5001,4,43.22
20875,2025-07-09 06:02:00,1,1009,5002,2,57.02
20876,2025-07-09 21:15:00,2,1006,5008,2,10.04
20877,2025-07-09 01:02:00,2,1005,5018,3,178.48
20878,2025-07-09 20:08:00,2,1006,5011,4,10.04
20879,2025-07-10 14:34:00,1,1004,5007,2,152.27
20880,2025-07-10 19:12:00,3,1006,5004,4,10.04
20881,2025-07-10 02:00:00,2,1007,5014,3,242.63
20882,2025-07-10 16:47:00,1,1001,5006,2,43.22
20883,2025-07-10 04:01:00,1,1005,5010,1,178.48
20884,2025-07-10 13:22:00,3,1007,5013,3,242.63
20885,2025-07-10 05:11:00,3,1004,5001,1,152.27
20886,2025-07-10 22:14:00,1,1010,5020,3,49.55
20887,2025-07-10 20:00:00,2,1007,5005,4,242.63
20888,2025-07-10 14:40:00,1,1010,5007,2,49.55
20889,2025-07-10 16:50:00,2,1005,5009,1,178.48
20890,2025-07-10 04:20:00,2,1003,5009,3,217.21
20891,2025-07-10 06:53:00,3,1010,5017,3,49.55
20892,2025-07-10 21:02:00,1,1009,5009,3,57.02
20893,2025-07-10 23:15:00,2,1005,5013,3,178.48
20894,2025-07-10 09:56:00,3,1007,5017,1,242.63
20895,2025-07-10 11:01:00,2,1002,5006,1,19.23
20896,2025-07-10 03:54:00,2,1006,5017,1,10.04
20897,2025-07-10 16:59:00,2,1010,5014,3,49.55
20898,2025-07-10 20:57:00,1,1003,5002,4,217.21
20899,2025-07-10 19:10:00,2,1007,5015,3,242.63
20900,2025-07-10 06:51:00,2,1003,5015,2,217.21
20901,2025-07-10 02:16:00,1,1008,5011,4,208.95
20902,2025-07-10 03:14:00,3,1001,5001,2,43.22
20903,2025-07-10 07:28:00,2,1010,5015,4,49.55
20904,2025-07-10 12:37:00,1,1002,5019,2,19.23
20905,2025-07-10 03:24:00,3,1001,5016,2,43.22
20906,2025-07-10 00:16:00,2,1001,5007,1,43.22
20907,2025-07-10 05:04:00,2,1007,5005,1,242.63
20908,2025-07-10 13:40:00,3,1003,5017,3,217.21
20909,2025-07-10 04:10:00,3,1001,5017,1,43.22
20910,2025-07-10 23:23:00,2,1003,5011,3,217.21
20911,2025-07-10 18:36:00,1,1009,5009,2,57.02
20912,2025-07-10 08:18:00,1,1009,5016,2,57.02
20913,2025-07-10 11:57:00,3,1003,5009,2,217.21
20914,2025-07-10 07:08:00,1,1003,5002,3,217.21
20915,2025-07-10 00:56:00,2,1003,5014,3,217.21
20916,2025-07-10 08:53:00,2,1008,5019,2,208.95
20917,2025-07-10 04:51:00,1,1006,5015,4,10.04
20918,2025-07-10 01:21:00,1,1004,5017,1,152.27
20919,2025-07-10 05:34:00,2,1002,5013,1,19.23
20920,2025-07-10 05:22:00,1,1004,5010,4,152.27
20921,2025-07-10 15:50:00,3,1003,5014,3,217.21
20922,2025-07-10 19:05:00,3,1004,5020,3,152.27
20923,2025-07-10 05:47:00,1,1002,5017,2,19.23
20924,2025-07-10 19:19:00,1,1002,5015,1,19.23
20925,2025-07-10 13:26:00,1,1009,5005,2,57.02
20926,2025-07-10 08:04:00,3,1010,5017,4,49.55
20927,2025-07-10 09:30:00,1,1003,5012,4,217.21
20928,2025-07-10 03:39:00,3,1007,5009,4,242.63
20929,2025-07-10 16:30:00,3,1006,5017,1,10.04
20930,2025-07-10 15:37:00,2,1003,5004,1,217.21
20931,2025-07-10 00:53:00,3,1010,5013,1,49.55
20932,2025-07-10 15:54:00,1,1008,5008,4,208.95
20933,2025-07-10 04:59:00,2,1002,5012,2,19.23
20934,2025-07-10 06:35:00,2,1001,5002,2,43.22
20935,2025-07-10 12:15:00,2,1003,5018,2,217.21
20936,2025-07-10 03:58:00,1,1001,5006,4,43.22
20937,2025-07-10 01:00:00,2,1003,5003,2,217.21
20938,2025-07-10 23:21:00,1,1001,5013,2,43.22
20939,2025-07-10 16:14:00,3,1004,5010,3,152.27
20940,2025-07-10 05:39:00,2,1004,5006,4,152.27
20941,2025-07-10 09:34:00,1,1001,5008,4,43.22
20942,2025-07-10 13:47:00,3,1006,5003,2,10.04
20943,2025-07-10 20:40:00,2,1008,5018,2,208.95
20944,2025-07-10 07:34:00,3,1008,5008,2,208.95
20945,2025-07-10 21:21:00,2,1008,5006,1,208.95
20946,2025-07-10 14:52:00,2,1008,5001,3,208.95
20947,2025-07-10 15:56:00,3,1006,5020,4,10.04
20948,2025-07-10 05:50:00,3,1010,5013,3,49.55
20949,2025-07-10 15:16:00,3,1001,5020,3,43.22
20950,2025-07-10 08:27:00,2,1003,5011,2,217.21
20951,2025-07-10 07:41:00,3,1005,5006,3,178.48
20952,2025-07-10 03:26:00,3,1008,5017,2,208.95
20953,2025-07-10 19:08:00,1,1010,5003,3,49.55
20954,2025-07-10 06:22:00,1,1010,5004,3,49.55
20955,2025-07-10 09:32:00,2,1003,5002,3,217.21
20956,2025-07-10 14:14:00,3,1009,5016,4,57.02
20957,2025-07-10 11:34:00,2,1008,5014,3,208.95
20958,2025-07-10 12:59:00,3,1005,5005,3,178.48
20959,2025-07-10 17:17:00,2,1002,5017,4,19.23
20960,2025-07-10 18:18:00,3,1002,5018,3,19.23
20961,2025-07-10 09:30:00,3,1005,5005,4,178.48
20962,2025-07-10 13:52:00,2,1009,5010,1,57.02
20963,2025-07-10 10:15:00,3,1007,5001,4,242.63
20964,2025-07-10 12:00:00,3,1006,5018,2,10.04
20965,2025-07-10 06:14:00,1,1002,5018,4,19.23
20966,2025-07-10 02:45:00,2,1008,5020,2,208.95
20967,2025-07-10 13:24:00,1,1003,5013,4,217.21
20968,2025-07-10 14:35:00,2,1001,5002,2,43.22
20969,2025-07-10 04:55:00,1,1008,5020,3,208.95
20970,2025-07-10 19:27:00,3,1010,5017,2,49.55
20971,2025-07-11 02:58:00,3,1008,5009,4,208.95
20972,2025-07-11 20:46:00,1,1004,5010,1,152.27
20973,2025-07-11 10:06:00,3,1007,5008,1,242.63
20974,2025-07-11 22:12:00,3,1005,5014,2,178.48
20975,2025-07-11 18:07:00,1,1007,5017,4,242.63
20976,2025-07-11 18:41:00,2,1010,5019,2,49.55
20977,2025-07-11 12:42:00,2,1002,5012,3,19.23
20978,2025-07-11 15:27:00,2,1004,5006,2,152.27
20979,2025-07-11 09:43:00,3,1004,5005,3,152.27
20980,2025-07-11 01:49:00,3,1008,5008,4,208.95
20981,2025-07-11 17:52:00,3,1008,5010,1,208.95
20982,2025-07-11 18:29:00,1,1004,5013,1,152.27
20983,2025-07-11 06:22:00,2,1004,5018,3,152.27
20984,2025-07-11 23:18:00,3,1008,5002,3,208.95
20985,2025-07-11 19:11:00,2,1005,5006,4,178.48
20986,2025-07-11 22:46:00,2,1008,5012,3,208.95
20987,2025-07-11 01:45:00,1,1001,5010,1,43.22
20988,2025-07-11 13:09:00,1,1005,5002,4,178.48
20989,2025-07-11 16:11:00,3,1009,5018,4,57.02
20990,2025-07-11 21:34:00,2,1008,5015,1,208.95
20991,2025-07-11 17:35:00,1,1007,5013,3,242.63
20992,2025-07-11 16:20:00,2,1009,5020,4,57.02
20993,2025-07-11 07:26:00,1,1002,5016,1,19.23
20994,2025-07-11 03:46:00,1,1006,5007,3,10.04
20995,2025-07-11 05:44:00,3,1002,5007,4,19.23
20996,2025-07-11 20:52:00,1,1008,5013,1,208.95
20997,2025-07-11 03:07:00,1,1006,5013,3,10.04
20998,2025-07-11 18:15:00,3,1010,5004,2,49.55
20999,2025-07-11 01:59:00,3,1009,5006,1,57.02
21000,2025-07-11 21:00:00,3,1005,5003,2,178.48
21001,2025-07-11 10:07:00,2,1006,5016,2,10.04
21002,2025-07-11 03:04:00,2,1006,5008,4,10.04
21003,2025-07-11 06:26:00,2,1006,5003,2,10.04
21004,2025-07-11 05:07:00,2,1001,5005,3,43.22
21005,2025-07-11 12:45:00,3,1009,5009,3,57.02
21006,2025-07-11 06:22:00,3,1005,5020,2,178.48
21007,2025-07-11 10:38:00,1,1006,5013,4,10.04
21008,2025-07-11 05:36:00,1,1010,5017,2,49.55
21009,2025-07-11 15:10:00,1,1006,5001,4,10.04
21010,2025-07-11 01:48:00,2,1001,5008,4,43.22
21011,2025-07-11 18:54:00,3,1007,5008,2,242.63
21012,2025-07-11 21:35:00,1,1007,5017,1,242.63
21013,2025-07-11 15:12:00,3,1007,5018,2,242.63
21014,2025-07-11 03:57:00,1,1007,5018,1,242.63
21015,2025-07-11 10:05:00,1,1002,5011,1,19.23
21016,2025-07-11 10:27:00,3,1005,5017,4,178.48
21017,2025-07-11 09:24:00,3,1009,5010,4,57.02
21018,2025-07-11 06:56:00,2,1007,5020,4,242.63
21019,2025-07-11 23:10:00,2,1009,5009,4,57.02
21020,2025-07-11 18:41:00,3,1001,5003,4,43.22
21021,2025-07-11 21:00:00,1,1009,5015,4,57.02
21022,2025-07-11 20:13:00,3,1009,5008,1,57.02
21023,2025-07-11 14:42:00,2,1001,5008,3,43.22
21024,2025-07-11 06:55:00,1,1007,5017,3,242.63
21025,2025-07-11 06:29:00,3,1010,5008,1,49.55
21026,2025-07-11 08:12:00,1,1006,5006,2,10.04
21027,2025-07-11 03:46:00,1,1003,5008,2,217.21
21028,2025-07-11 18:58:00,1,1003,5017,3,217.21
21029,2025-07-11 14:30:00,3,1002,5008,3,19.23
21030,2025-07-11 17:31:00,2,1001,5019,2,43.22
21031,2025-07-11 21:07:00,3,1002,5005,2,19.23
21032,2025-07-11 00:57:00,3,1004,5017,2,152.27
21033,2025-07-11 20:51:00,1,1004,5017,2,152.27
21034,2025-07-11 20:09:00,3,1007,5014,4,242.63
21035,2025-07-11 13:15:00,3,1003,5008,2,217.21
21036,2025-07-11 07:26:00,1,1001,5018,2,43.22
21037,2025-07-11 14:59:00,2,1008,5016,4,208.95
21038,2025-07-11 15:11:00,3,1006,5009,4,10.04
21039,2025-07-11 08:56:00,1,1008,5014,4,208.95
21040,2025-07-11 21:45:00,1,1002,5010,3,19.23
21041,2025-07-11 20:34:00,2,1004,5008,4,152.27
21042,2025-07-11 21:46:00,3,1003,5005,4,217.21
21043,2025-07-11 21:45:00,1,1001,5003,3,43.22
21044,2025-07-11 19:15:00,3,1002,5018,3,19.23
21045,2025-07-11 21:09:00,1,1007,5016,4,242.63
21046,2025-07-11 02:28:00,2,1009,5003,2,57.02
21047,2025-07-11 07:25:00,2,1009,5017,4,57.02
21048,2025-07-11 19:26:00,1,1001,5006,4,43.22
21049,2025-07-11 22:05:00,3,1010,5014,2,49.55
21050,2025-07-11 10:24:00,2,1009,5005,1,57.02
21051,2025-07-11 12:18:00,1,1007,5018,4,242.63
21052,2025-07-11 02:17:00,2,1006,5003,4,10.04
21053,2025-07-11 03:22:00,3,1009,5017,4,57.02
21054,2025-07-11 05:10:00,1,1005,5013,2,178.48
21055,2025-07-11 20:20:00,2,1005,5013,4,178.48
21056,2025-07-11 05:59:00,2,1009,5016,3,57.02
21057,2025-07-12 15:59:00,3,1007,5013,2,242.63
21058,2025-07-12 11:37:00,3,1006,5009,4,10.04
21059,2025-07-12 21:10:00,2,1005,5015,4,178.48
21060,2025-07-12 04:37:00,1,1004,5012,1,152.27
21061,2025-07-12 12:40:00,1,1008,5015,1,208.95
21062,2025-07-12 22:38:00,1,1010,5010,2,49.55
21063,2025-07-12 20:31:00,3,1001,5006,2,43.22
21064,2025-07-12 08:48:00,1,1008,5015,2,208.95
21065,2025-07-12 02:45:00,1,1006,5013,2,10.04
21066,2025-07-12 12:53:00,1,1001,5014,4,43.22
21067,2025-07-12 01:11:00,3,1003,5014,2,217.21
21068,2025-07-12 06:54:00,1,1006,5013,1,10.04
21069,2025-07-12 16:21:00,2,1005,5003,4,178.48
21070,2025-07-12 17:08:00,2,1010,5002,1,49.55
21071,2025-07-12 09:30:00,2,1010,5006,4,49.55
21072,2025-07-12 21:12:00,1,1002,5004,2,19.23
21073,2025-07-12 23:42:00,3,1007,5012,4,242.63
21074,2025-07-12 16:43:00,3,1003,5011,3,217.21
21075,2025-07-12 02:01:00,3,1003,5003,1,217.21
21076,2025-07-12 06:02:00,3,1008,5017,4,208.95
21077,2025-07-12 13:45:00,1,1002,5003,1,19.23
21078,2025-07-12 13:27:00,3,1005,5015,4,178.48
21079,2025-07-12 21:50:00,2,1004,5013,1,152.27
21080,2025-07-12 02:50:00,3,1003,5008,2,217.21
21081,2025-07-12 09:42:00,2,1009,5013,3,57.02
21082,2025-07-12 16:41:00,3,1008,5019,4,208.95
21083,2025-07-12 20:53:00,2,1009,5003,4,57.02
21084,2025-07-12 12:12:00,1,1002,5005,2,19.23
21085,2025-07-12 23:25:00,3,1007,5002,4,242.63
21086,2025-07-12 08:13:00,2,1007,5006,1,242.63
21087,2025-07-12 19:29:00,2,1004,5006,1,152.27
21088,2025-07-12 20:25:00,1,1008,5009,2,208.95
21089,2025-07-12 07:26:00,3,1004,5016,2,152.27
21090,2025-07-12 23:44:00,3,1003,5011,2,217.21
21091,2025-07-12 13:28:00,1,1004,5004,3,152.27
21092,2025-07-12 20:16:00,3,1003,5006,1,217.21
21093,2025-07-12 12:58:00,3,1004,5016,2,152.27
21094,2025-07-12 21:33:00,3,1010,5009,3,49.55
21095,2025-07-12 20:56:00,3,1001,5017,2,43.22
21096,2025-07-12 02:04:00,3,1009,5010,3,57.02
21097,2025-07-12 00:29:00,3,1005,5020,3,178.48
21098,2025-07-12 21:11:00,1,1009,5002,4,57.02
21099,2025-07-12 16:56:00,2,1009,5014,2,57.02
21100,2025-07-12 22:37:00,1,1010,5009,2,49.55
21101,2025-07-12 01:38:00,2,1003,5016,4,217.21
21102,2025-07-12 08:22:00,3,1005,5013,1,178.48
21103,2025-07-12 13:29:00,1,1001,5002,4,43.22
21104,2025-07-12 08:02:00,1,1002,5011,2,19.23
21105,2025-07-12 15:52:00,2,1005,5016,3,178.48
21106,2025-07-12 10:41:00,3,1010,5013,4,49.55
21107,2025-07-12 01:11:00,3,1010,5015,3,49.55
21108,2025-07-12 09:34:00,3,1007,5015,3,242.63
21109,2025-07-12 00:16:00,1,1008,5012,4,208.95
21110,2025-07-12 08:39:00,1,1001,5004,4,43.22
21111,2025-07-12 19:58:00,2,1005,5016,2,178.48
21112,2025-07-12 16:09:00,2,1005,5016,2,178.48
21113,2025-07-12 21:56:00,1,1007,5020,1,242.63
21114,2025-07-12 07:40:00,3,1003,5004,3,217.21
21115,2025-07-12 22:14:00,3,1010,5005,1,49.55
21116,2025-07-12 13:57:00,1,1004,5020,1,152.27
21117,2025-07-12 16:04:00,2,1004,5016,2,152.27
21118,2025-07-12 07:50:00,3,1006,5013,4,10.04
21119,2025-07-12 03:40:00,2,1002,5011,1,19.23
21120,2025-07-12 15:31:00,3,1004,5020,2,152.27
21121,2025-07-12 09:41:00,3,1009,5019,3,57.02
21122,2025-07-12 02:27:00,1,1004,5015,3,152.27
21123,2025-07-12 15:15:00,2,1009,5004,4,57.02
21124,2025-07-12 04:37:00,1,1007,5011,2,242.63
21125,2025-07-12 09:48:00,2,1010,5012,4,49.55
21126,2025-07-12 02:14:00,3,1010,5010,1,49.55
21127,2025-07-12 19:42:00,2,1004,5010,3,152.27
21128,2025-07-12 20:04:00,3,1003,5019,1,217.21
21129,2025-07-12 02:09:00,2,1002,5020,3,19.23
21130,2025-07-12 07:02:00,2,1002,5017,4,19.23
21131,2025-07-12 15:06:00,1,1005,5011,3,178.48
21132,2025-07-12 23:53:00,3,1007,5004,1,242.63
21133,2025-07-12 22:51:00,1,1002,5017,4,19.23
21134,2025-07-12 23:29:00,3,1001,5010,3,43.22
21135,2025-07-12 06:49:00,3,1010,5004,4,49.55
21136,2025-07-12 08:12:00,3,1008,5011,2,208.95
21137,2025-07-12 13:14:00,2,1003,5003,4,217.21
21138,2025-07-12 10:55:00,1,1001,5002,2,43.22
21139,2025-07-12 18:39:00,2,1002,5020,4,19.23
21140,2025-07-12 14:04:00,1,1010,5010,4,49.55
21141,2025-07-12 07:00:00,3,1008,5010,1,208.95
21142,2025-07-12 03:04:00,2,1006,5013,4,10.04
21143,2025-07-12 05:35:00,3,1004,5011,2,152.27
21144,2025-07-12 09:47:00,1,1002,5002,4,19.23
21145,2025-07-12 13:07:00,1,1010,5010,1,49.55
21146,2025-07-12 23:51:00,1,1007,5002,4,242.63
21147,2025-07-12 09:28:00,3,1006,5002,3,10.04
21148,2025-07-12 19:39:00,1,1002,5015,1,19.23
21149,2025-07-12 10:21:00,1,1004,5007,1,152.27
21150,2025-07-12 19:11:00,2,1005,5014,2,178.48
21151,2025-07-12 17:25:00,1,1010,5006,4,49.55
21152,2025-07-12 02:43:00,1,1004,5001,4,152.27
21153,2025-07-12 11:02:00,3,1004,5006,2,152.27
21154,2025-07-12 11:49:00,3,1005,5008,4,178.48
21155,2025-07-12 23:44:00,1,1001,5014,1,43.22
21156,2025-07-12 01:48:00,2,1009,5015,2,57.02
21157,2025-07-12 03:25:00,3,1004,5008,3,152.27
21158,2025-07-12 07:55:00,1,1001,5003,1,43.22
21159,2025-07-12 04:10:00,1,1003,5008,2,217.21
21160,2025-07-12 05:25:00,1,1004,5005,3,152.27
21161,2025-07-12 13:56:00,1,1009,5002,3,57.02
21162,2025-07-12 10:07:00,3,1009,5001,4,57.02
21163,2025-07-12 00:53:00,1,1007,5011,3,242.63
21164,2025-07-12 03:12:00,2,1010,5003,4,49.55
21165,2025-07-12 11:45:00,1,1010,5015,1,49.55
21166,2025-07-13 18:55:00,1,1004,5008,2,152.27
21167,2025-07-13 11:48:00,3,1003,5003,1,217.21
21168,2025-07-13 04:02:00,1,1004,5020,1,152.27
21169,2025-07-13 11:24:00,3,1006,5006,3,10.04
21170,2025-07-13 14:36:00,3,1009,5020,2,57.02
21171,2025-07-13 14:17:00,2,1006,5019,3,10.04
21172,2025-07-13 15:23:00,1,1003,5011,2,217.21
21173,2025-07-13 07:14:00,3,1009,5019,4,57.02
21174,2025-07-13 17:45:00,2,1007,5011,2,242.63
21175,2025-07-13 15:01:00,3,1006,5011,2,10.04
21176,2025-07-13 20:43:00,2,1004,5017,2,152.27
21177,2025-07-13 00:51:00,3,1001,5008,3,43.22
21178,2025-07-13 05:58:00,3,1006,5007,3,10.04
21179,2025-07-13 10:51:00,2,1004,5012,1,152.27
21180,2025-07-13 09:59:00,2,1003,5005,1,217.21
21181,2025-07-13 04:19:00,2,1009,5020,1,57.02
21182,2025-07-13 08:42:00,2,1001,5014,3,43.22
21183,2025-07-13 12:26:00,3,1006,5013,1,10.04
21184,2025-07-13 19:47:00,1,1009,5019,2,57.02
21185,2025-07-13 11:59:00,3,1003,5017,2,217.21
21186,2025-07-13 10:21:00,3,1004,5013,1,152.27
21187,2025-07-13 10:17:00,2,1008,5019,1,208.95
21188,2025-07-13 07:01:00,2,1005,5020,4,178.48
21189,2025-07-13 21:41:00,3,1007,5010,1,242.63
21190,2025-07-13 05:29:00,1,1001,5017,2,43.22
21191,2025-07-13 22:09:00,1,1010,5007,1,49.55
21192,2025-07-13 08:32:00,1,1006,5020,3,10.04
21193,2025-07-13 10:43:00,1,1005,5002,4,178.48
21194,2025-07-13 01:10:00,1,1006,5004,2,10.04
21195,2025-07-13 15:19:00,1,1002,5003,1,19.23
21196,2025-07-13 21:46:00,3,1003,5018,4,217.21
21197,2025-07-13 09:18:00,3,1009,5016,2,57.02
21198,2025-07-13 05:03:00,3,1004,5017,1,152.27
21199,2025-07-13 09:01:00,1,1010,5007,4,49.55
21200,2025-07-13 18:33:00,2,1006,5002,3,10.04
21201,2025-07-13 04:16:00,1,1005,5007,3,178.48
21202,2025-07-13 09:41:00,2,1010,5013,2,49.55
21203,2025-07-13 10:06:00,1,1008,5019,4,208.95
21204,2025-07-13 20:52:00,1,1005,5010,2,178.48
21205,2025-07-13 21:09:00,1,1006,5007,2,10.04
21206,2025-07-13 19:00:00,3,1005,5001,4,178.48
21207,2025-07-13 02:51:00,1,1002,5007,4,19.23
21208,2025-07-13 07:01:00,3,1006,5003,2,10.04
21209,2025-07-13 06:17:00,3,1005,5001,2,178.48
21210,2025-07-13 18:41:00,1,1004,5018,3,152.27
21211,2025-07-13 02:13:00,3,1008,5002,2,208.95
21212,2025-07-13 23:55:00,3,1010,5016,1,49.55
21213,2025-07-13 15:53:00,1,1003,5017,3,217.21
21214,2025-07-13 03:16:00,3,1006,5005,4,10.04
21215,2025-07-13 14:49:00,3,1010,5010,1,49.55
21216,2025-07-13 22:42:00,3,1007,5015,1,242.63
21217,2025-07-13 23:39:00,3,1010,5015,4,49.55
21218,2025-07-13 15:03:00,3,1006,5019,1,10.04
21219,2025-07-13 09:56:00,3,1008,5020,3,208.95
21220,2025-07-13 17:19:00,3,1003,5008,1,217.21
21221,2025-07-13 22:36:00,2,1003,5009,4,217.21
21222,2025-07-13 13:58:00,3,1005,5007,1,178.48
21223,2025-07-13 23:51:00,2,1006,5009,2,10.04
21224,2025-07-13 04:25:00,1,1001,5012,1,43.22
21225,2025-07-13 05:05:00,1,1008,5017,4,208.95
21226,2025-07-13 15:36:00,2,1009,5014,1,57.02
21227,2025-07-13 16:04:00,2,1004,5011,1,152.27
21228,2025-07-13 10:57:00,3,1009,5013,2,57.02
21229,2025-07-13 01:50:00,3,1009,5019,4,57.02
21230,2025-07-13 18:11:00,1,1009,5020,4,57.02
21231,2025-07-13 15:21:00,3,1009,5016,2,57.02
21232,2025-07-13 10:05:00,3,1008,5016,2,208.95
21233,2025-07-13 14:09:00,2,1005,5020,1,178.48
21234,2025-07-13 13:32:00,3,1002,5010,2,19.23
21235,2025-07-13 16:12:00,3,1002,5012,3,19.23
21236,2025-07-13 00:34:00,3,1002,5011,3,19.23
21237,2025-07-13 06:13:00,2,1007,5014,1,242.63
21238,2025-07-13 15:38:00,3,1008,5001,1,208.95
21239,2025-07-13 01:15:00,2,1007,5019,2,242.63
21240,2025-07-13 14:50:00,3,1007,5001,4,242.63
21241,2025-07-13 06:49:00,1,1004,5017,1,152.27
21242,2025-07-13 22:46:00,2,1003,5003,2,217.21
21243,2025-07-13 07:23:00,3,1006,5016,2,10.04
21244,2025-07-13 01:04:00,1,1008,5008,4,208.95
21245,2025-07-13 15:38:00,3,1006,5019,3,10.04
21246,2025-07-13 20:48:00,3,1007,5013,4,242.63
21247,2025-07-13 13:32:00,3,1005,5007,1,178.48
21248,2025-07-13 11:19:00,3,1002,5019,4,19.23
21249,2025-07-13 05:39:00,2,1003,5007,2,217.21
21250,2025-07-13 01:48:00,1,1006,5009,3,10.04
21251,2025-07-13 20:00:00,1,1009,5008,3,57.02
21252,2025-07-13 10:28:00,2,1007,5005,4,242.63
21253,2025-07-13 00:57:00,2,1001,5009,4,43.22
21254,2025-07-13 04:08:00,3,1002,5006,1,19.23
21255,2025-07-13 13:53:00,3,1006,5013,2,10.04
21256,2025-07-13 02:25:00,1,1008,5003,3,208.95
21257,2025-07-13 11:41:00,3,1001,5013,4,43.22
21258,2025-07-13 08:27:00,1,1001,5013,4,43.22
21259,2025-07-13 03:40:00,2,1002,5016,1,19.23
21260,2025-07-13 08:47:00,1,1003,5019,3,217.21
21261,2025-07-13 17:45:00,1,1006,5009,3,10.04
21262,2025-07-13 23:45:00,3,1003,5002,1,217.21
21263,2025-07-13 00:20:00,2,1002,5013,1,19.23
21264,2025-07-13 09:10:00,3,1010,5009,2,49.55
21265,2025-07-13 15:55:00,2,1010,5020,2,49.55
21266,2025-07-13 00:14:00,3,1008,5009,4,208.95
21267,2025-07-13 10:20:00,1,1004,5008,3,152.27
21268,2025-07-13 04:31:00,1,1009,5004,2,57.02
21269,2025-07-13 04:06:00,1,1003,5020,1,217.21
21270,2025-07-13 10:22:00,2,1005,5015,4,178.48
21271,2025-07-13 22:33:00,2,1002,5013,1,19.23
21272,2025-07-13 23:09:00,3,1009,5003,4,57.02
21273,2025-07-13 08:04:00,3,1009,5011,2,57.02
21274,2025-07-14 18:17:00,1,1004,5013,4,152.27
21275,2025-07-14 19:13:00,3,1008,5020,1,208.95
21276,2025-07-14 19:34:00,3,1006,5007,4,10.04
21277,2025-07-14 12:14:00,3,1010,5005,3,49.55
21278,2025-07-14 03:28:00,3,1009,5018,3,57.02
21279,2025-07-14 14:30:00,2,1002,5013,1,19.23
21280,2025-07-14 11:37:00,3,1010,5006,3,49.55
21281,2025-07-14 14:11:00,2,1003,5011,2,217.21
21282,2025-07-14 23:10:00,2,1005,5019,3,178.48
21283,2025-07-14 03:36:00,3,1008,5004,1,208.95
21284,2025-07-14 14:29:00,1,1007,5014,3,242.63
21285,2025-07-14 19:27:00,1,1004,5019,3,152.27
21286,2025-07-14 09:54:00,2,1006,5019,4,10.04
21287,2025-07-14 17:10:00,1,1010,5013,1,49.55
21288,2025-07-14 08:37:00,1,1010,5004,2,49.55
21289,2025-07-14 19:09:00,1,1008,5006,2,208.95
21290,2025-07-14 19:35:00,2,1009,5017,3,57.02
21291,2025-07-14 21:47:00,2,1010,5019,3,49.55
21292,2025-07-14 01:17:00,1,1003,5006,3,217.21
21293,2025-07-14 09:25:00,1,1003,5016,2,217.21
21294,2025-07-14 18:55:00,3,1008,5008,3,208.95
21295,2025-07-14 11:08:00,1,1006,5007,3,10.04
21296,2025-07-14 06:18:00,3,1008,5004,4,208.95
21297,2025-07-14 04:42:00,3,1003,5013,2,217.21
21298,2025-07-14 16:06:00,2,1001,5016,3,43.22
21299,2025-07-14 11:29:00,2,1007,5011,1,242.63
21300,2025-07-14 06:22:00,3,1004,5009,1,152.27
21301,2025-07-14 03:43:00,1,1001,5016,3,43.22
21302,2025-07-14 10:10:00,2,1003,5015,4,217.21
21303,2025-07-14 22:20:00,1,1004,5016,2,152.27
21304,2025-07-14 17:53:00,3,1001,5020,4,43.22
21305,2025-07-14 18:22:00,3,1006,5018,2,10.04
21306,2025-07-14 13:23:00,2,1006,5015,3,10.04
21307,2025-07-14 11:41:00,3,1007,5015,4,242.63
21308,2025-07-14 21:19:00,1,1009,5008,2,57.02
21309,2025-07-14 09:05:00,1,1004,5013,1,152.27
21310,2025-07-14 08:21:00,2,1009,5002,1,57.02
21311,2025-07-14 06:31:00,2,1007,5006,1,242.63
21312,2025-07-14 16:13:00,1,1006,5017,2,10.04
21313,2025-07-14 12:36:00,1,1009,5020,4,57.02
21314,2025-07-14 10:33:00,2,1006,5005,3,10.04
21315,2025-07-14 08:22:00,2,1001,5017,3,43.22
21316,2025-07-14 14:21:00,2,1002,5007,4,19.23
21317,2025-07-14 05:24:00,1,1006,5007,1,10.04
21318,2025-07-14 19:48:00,3,1005,5016,4,178.48
21319,2025-07-14 04:24:00,2,1008,5005,1,208.95
21320,2025-07-14 02:36:00,3,1004,5002,2,152.27
21321,2025-07-14 08:49:00,1,1006,5014,3,10.04
21322,2025-07-14 03:35:00,1,1007,5001,1,242.63
21323,2025-07-14 00:58:00,3,1004,5018,4,152.27
21324,2025-07-14 03:47:00,1,1001,5010,4,43.22
21325,2025-07-14 14:33:00,2,1006,5016,2,10.04
21326,2025-07-14 17:21:00,1,1008,5017,4,208.95
21327,2025-07-14 02:50:00,1,1006,5017,1,10.04
21328,2025-07-14 18:22:00,1,1007,5010,1,242.63
21329,2025-07-14 12:41:00,2,1002,5019,3,19.23
21330,2025-07-14 01:10:00,3,1002,5004,2,19.23
21331,2025-07-14 21:59:00,3,1008,5010,2,208.95
21332,2025-07-14 00:51:00,2,1006,5001,2,10.04
21333,2025-07-14 22:01:00,1,1002,5014,3,19.23
21334,2025-07-14 19:11:00,2,1003,5019,4,217.21
21335,2025-07-14 04:00:00,1,1004,5006,4,152.27
21336,2025-07-14 01:22:00,3,1001,5015,4,43.22
21337,2025-07-14 04:45:00,2,1006,5003,3,10.04
21338,2025-07-14 23:56:00,2,1006,5020,3,10.04
21339,2025-07-14 19:41:00,2,1003,5010,1,217.21
21340,2025-07-14 06:37:00,2,1002,5017,3,19.23
21341,2025-07-14 21:41:00,2,1007,5015,1,242.63
21342,2025-07-14 18:57:00,1,1003,5019,4,217.21
21343,2025-07-14 05:20:00,1,1001,5006,4,43.22
21344,2025-07-14 01:00:00,3,1003,5016,1,217.21
21345,2025-07-14 09:45:00,1,1006,5016,4,10.04
21346,2025-07-14 22:30:00,1,1001,5007,1,43.22
21347,2025-07-14 09:49:00,2,1002,5013,2,19.23
21348,2025-07-14 17:13:00,2,1007,5019,4,242.63
21349,2025-07-14 10:51:00,1,1002,5017,1,19.23
21350,2025-07-14 07:17:00,1,1006,5009,2,10.04
21351,2025-07-14 15:01:00,3,1005,5006,2,178.48
21352,2025-07-14 17:47:00,3,1001,5013,3,43.22
21353,2025-07-14 09:26:00,1,1010,5015,1,49.55
21354,2025-07-14 14:07:00,3,1009,5002,1,57.02
21355,2025-07-14 19:37:00,2,1007,5016,2,242.63
21356,2025-07-14 06:52:00,3,1003,5003,3,217.21
21357,2025-07-14 09:42:00,1,1002,5009,1,19.23
21358,2025-07-14 10:16:00,3,1003,5018,2,217.21
21359,2025-07-14 18:46:00,2,1001,5014,1,43.22
21360,2025-07-14 15:16:00,2,1010,5002,3,49.55
21361,2025-07-14 20:14:00,3,1001,5010,1,43.22
21362,2025-07-14 00:31:00,1,1010,5012,3,49.55
21363,2025-07-14 08:17:00,3,1001,5014,4,43.22
21364,2025-07-14 20:22:00,2,1010,5004,2,49.55
21365,2025-07-14 01:13:00,3,1009,5001,3,57.02
